-- MySQL dump 10.13  Distrib 8.0.26, for Win64 (x86_64)
--
-- Host: 127.0.0.1    Database: handshake
-- ------------------------------------------------------
-- Server version	8.0.26

/*!40101 SET @OLD_CHARACTER_SET_CLIENT=@@CHARACTER_SET_CLIENT */;
/*!40101 SET @OLD_CHARACTER_SET_RESULTS=@@CHARACTER_SET_RESULTS */;
/*!40101 SET @OLD_COLLATION_CONNECTION=@@COLLATION_CONNECTION */;
/*!50503 SET NAMES utf8 */;
/*!40103 SET @OLD_TIME_ZONE=@@TIME_ZONE */;
/*!40103 SET TIME_ZONE='+00:00' */;
/*!40014 SET @OLD_UNIQUE_CHECKS=@@UNIQUE_CHECKS, UNIQUE_CHECKS=0 */;
/*!40014 SET @OLD_FOREIGN_KEY_CHECKS=@@FOREIGN_KEY_CHECKS, FOREIGN_KEY_CHECKS=0 */;
/*!40101 SET @OLD_SQL_MODE=@@SQL_MODE, SQL_MODE='NO_AUTO_VALUE_ON_ZERO' */;
/*!40111 SET @OLD_SQL_NOTES=@@SQL_NOTES, SQL_NOTES=0 */;

--
-- Table structure for table `device`
--

DROP TABLE IF EXISTS `device`;
/*!40101 SET @saved_cs_client     = @@character_set_client */;
/*!50503 SET character_set_client = utf8mb4 */;
CREATE TABLE `device` (
  `id` int NOT NULL AUTO_INCREMENT,
  `mac` text NOT NULL,
  `userId` int NOT NULL,
  PRIMARY KEY (`id`),
  UNIQUE KEY `id_UNIQUE` (`id`),
  KEY `fk_devices_user1_idx` (`userId`),
  CONSTRAINT `fk_devices_user1` FOREIGN KEY (`userId`) REFERENCES `user` (`id`)
) ENGINE=InnoDB AUTO_INCREMENT=39 DEFAULT CHARSET=utf8mb3;
/*!40101 SET character_set_client = @saved_cs_client */;

--
-- Dumping data for table `device`
--

LOCK TABLES `device` WRITE;
/*!40000 ALTER TABLE `device` DISABLE KEYS */;
INSERT INTO `device` VALUES (1,'63b0459b-6f02-443d-928f-861e02c8dc4f',43),(2,'a0eb79c2-e920-4ab2-8b43-7922aca07d3e',44),(3,'6f60e2be-025e-48a1-8a67-6c1ab103d41d',45),(4,'a861ae60-b3ee-4cb1-853b-efeb2bd6ca60',46),(5,'163afe13-21ae-4b5b-9dca-b612bea522fe',47),(6,'de28c614-0bb7-4196-a620-dd247320e3b8',48),(7,'b1f7c921-b3d6-4938-904b-cc6fb0e20e0c',49),(8,'55ffc9fb-401a-4984-b6ca-f0f38827d0e6',50),(9,'83ad6fe0-f78d-41d7-b583-3e28721c108c',51),(10,'ec78f59e-6ace-4393-ac30-0933df3e4693',52),(11,'b0cd2abc-1eb7-4c46-9fb5-3bd5452b2b75',53),(12,'071c96da-a6ba-46fa-863d-499930f0308d',54),(13,'bc9805b1-6fe4-4edc-99c9-5f464d99700a',55),(14,'8f74ed45-06f7-4313-83dd-6631b1d96a4e',56),(15,'ec346381-58c3-42e1-a27c-0ce2f14d6155',57),(16,'b7459389-14e3-48aa-97ae-a0d7a1ce2931',58),(17,'55f273ee-20f8-4f16-94b1-4199a78bc4a9',59),(18,'1d18f900-6cef-4b90-b8c0-1f036009ceb5',60),(19,'17d7cb30-7662-46a0-b33e-3253d0655f5d',61),(20,'f54097c5-7ecd-465f-b4d9-901920964452',62),(21,'c922771d-7bb6-46f2-a317-9c4eb507ded5',63),(22,'00b7b132-58a0-4713-a674-40a6d7abedc1',64),(23,'f191c95f-c887-4105-981d-483025500ad1',65),(24,'b7d60281-d58e-4757-93d9-023a474da2d6',66),(25,'a9bb613b-c330-426b-bb25-4fabe0a78286',67),(26,'b30d6030-c14d-47dc-9f84-e1ea0e1e84f2',68),(27,'a689bb3f-3bd2-4965-b21d-9e62dbd5b9bd',69),(28,'e17c16d3-b173-4df6-bca9-67ff82215027',70),(29,'388b0a83-cc68-42b9-b513-40a8eb051950',71),(30,'da381cc7-105e-41b0-b9c9-04c152492f24',72),(31,'0e2ba5da-96fd-4675-91b9-c9740bed87d4',73),(32,'2dbb71ef-8f0c-4f55-8a65-6ae31b1399aa',74),(33,'a369340a-11ba-44f5-a360-7b1117ba51d3',75),(34,'d4b99a38-be4a-494c-b361-e80ab693114c',76),(35,'e6e5b8d1-f7c7-4d9a-ac6e-23e6058eba68',77),(36,'7185122c-b801-4875-b439-98dafe8774e5',78),(37,'65c30953-64ef-4029-8ce5-017ed144739f',79),(38,'afd56c90-fab8-4d4e-9f15-284404a418fa',80);
/*!40000 ALTER TABLE `device` ENABLE KEYS */;
UNLOCK TABLES;

--
-- Table structure for table `enterprise`
--

DROP TABLE IF EXISTS `enterprise`;
/*!40101 SET @saved_cs_client     = @@character_set_client */;
/*!50503 SET character_set_client = utf8mb4 */;
CREATE TABLE `enterprise` (
  `id` int NOT NULL AUTO_INCREMENT,
  `name` varchar(150) NOT NULL,
  `public_key` text NOT NULL,
  `contact_data` text NOT NULL,
  `ceo` varchar(150) NOT NULL,
  `is_active` tinyint NOT NULL DEFAULT '1',
  PRIMARY KEY (`id`),
  UNIQUE KEY `id_UNIQUE` (`id`)
) ENGINE=InnoDB AUTO_INCREMENT=3 DEFAULT CHARSET=utf8mb3;
/*!40101 SET character_set_client = @saved_cs_client */;

--
-- Dumping data for table `enterprise`
--

LOCK TABLES `enterprise` WRITE;
/*!40000 ALTER TABLE `enterprise` DISABLE KEYS */;
INSERT INTO `enterprise` VALUES (1,'Microsoft','none','3443241313','Bill Gates',0),(2,'Apple','ksajdhasjkdhakjowkpda','lsajdawa','Steve Jobs',1);
/*!40000 ALTER TABLE `enterprise` ENABLE KEYS */;
UNLOCK TABLES;

--
-- Table structure for table `flags`
--

DROP TABLE IF EXISTS `flags`;
/*!40101 SET @saved_cs_client     = @@character_set_client */;
/*!50503 SET character_set_client = utf8mb4 */;
CREATE TABLE `flags` (
  `id` int NOT NULL AUTO_INCREMENT,
  `name` tinyint NOT NULL DEFAULT '0',
  `phone` tinyint NOT NULL DEFAULT '0',
  `email` tinyint NOT NULL DEFAULT '0',
  `location` tinyint NOT NULL DEFAULT '0',
  `other` tinyint NOT NULL DEFAULT '0',
  PRIMARY KEY (`id`),
  UNIQUE KEY `id_UNIQUE` (`id`)
) ENGINE=InnoDB AUTO_INCREMENT=92 DEFAULT CHARSET=utf8mb3;
/*!40101 SET character_set_client = @saved_cs_client */;

--
-- Dumping data for table `flags`
--

LOCK TABLES `flags` WRITE;
/*!40000 ALTER TABLE `flags` DISABLE KEYS */;
INSERT INTO `flags` VALUES (1,0,0,0,0,0),(2,0,0,0,0,0),(3,0,0,0,0,0),(4,0,0,0,0,0),(5,0,0,0,0,0),(6,0,0,0,0,0),(7,0,0,0,0,0),(8,0,0,0,0,0),(9,0,0,0,0,0),(10,0,0,0,0,0),(11,0,0,0,0,0),(12,0,0,0,0,0),(13,0,0,0,0,0),(14,0,0,0,0,0),(15,0,0,0,0,0),(16,0,0,0,0,0),(17,0,0,0,0,0),(18,0,0,0,0,0),(19,0,0,0,0,0),(20,0,0,0,0,0),(21,0,0,0,0,0),(22,0,0,0,0,0),(23,0,0,0,0,0),(24,0,0,0,0,0),(25,0,0,0,0,0),(26,0,0,0,0,0),(27,0,0,0,0,0),(28,0,0,0,0,0),(29,0,0,0,0,0),(30,0,0,0,0,0),(31,0,0,0,0,0),(32,0,0,0,0,0),(33,0,0,0,0,0),(34,0,0,0,0,0),(35,0,0,0,0,0),(36,0,0,0,0,0),(37,0,0,0,0,0),(38,0,0,0,0,0),(39,0,0,0,0,0),(40,0,0,0,0,0),(41,0,0,0,0,0),(42,0,0,0,0,0),(43,0,0,0,0,0),(44,0,0,0,0,0),(45,0,0,0,0,0),(46,0,0,0,0,0),(47,0,0,0,0,0),(48,0,0,0,0,0),(49,0,0,0,0,0),(50,0,0,0,0,0),(51,0,0,0,0,0),(52,0,0,0,0,0),(53,0,0,0,0,0),(54,0,0,0,0,0),(55,0,0,0,0,0),(56,0,0,0,0,0),(57,0,0,0,0,0),(58,0,0,0,0,0),(59,0,0,0,0,0),(60,0,0,0,0,0),(61,0,0,0,0,0),(62,0,0,0,0,0),(63,0,0,0,0,0),(64,0,0,0,0,0),(65,0,0,0,0,0),(66,0,0,0,0,0),(67,0,0,0,0,0),(68,0,0,0,0,0),(69,0,0,0,0,0),(70,0,0,0,0,0),(71,0,0,0,0,0),(72,0,0,0,0,0),(73,0,0,0,0,0),(74,0,0,0,0,0),(75,0,0,0,0,0),(76,0,0,0,0,0),(77,0,0,0,0,0),(78,0,0,0,0,0),(79,0,0,0,0,0),(80,0,0,0,0,0),(81,0,0,0,0,0),(82,0,0,0,0,0),(83,0,0,0,0,0),(84,0,0,0,0,0),(85,0,0,0,0,0),(86,0,0,0,0,0),(87,0,0,0,0,0),(88,0,0,0,0,0),(89,0,0,0,0,0),(90,0,0,0,0,0),(91,0,0,0,0,0);
/*!40000 ALTER TABLE `flags` ENABLE KEYS */;
UNLOCK TABLES;

--
-- Table structure for table `level`
--

DROP TABLE IF EXISTS `level`;
/*!40101 SET @saved_cs_client     = @@character_set_client */;
/*!50503 SET character_set_client = utf8mb4 */;
CREATE TABLE `level` (
  `id` int NOT NULL AUTO_INCREMENT,
  `title` varchar(20) NOT NULL,
  `rank` int NOT NULL,
  PRIMARY KEY (`id`),
  UNIQUE KEY `id_UNIQUE` (`id`)
) ENGINE=InnoDB AUTO_INCREMENT=2 DEFAULT CHARSET=utf8mb3;
/*!40101 SET character_set_client = @saved_cs_client */;

--
-- Dumping data for table `level`
--

LOCK TABLES `level` WRITE;
/*!40000 ALTER TABLE `level` DISABLE KEYS */;
INSERT INTO `level` VALUES (1,'noob',1);
/*!40000 ALTER TABLE `level` ENABLE KEYS */;
UNLOCK TABLES;

--
-- Table structure for table `relationship`
--

DROP TABLE IF EXISTS `relationship`;
/*!40101 SET @saved_cs_client     = @@character_set_client */;
/*!50503 SET character_set_client = utf8mb4 */;
CREATE TABLE `relationship` (
  `enterpriseId` int NOT NULL,
  `flagsId` int NOT NULL,
  `userId` int NOT NULL,
  PRIMARY KEY (`enterpriseId`,`userId`),
  KEY `fk_enterprise_has_user_user1_idx` (`userId`),
  KEY `fk_enterprise_has_user_enterprise1_idx` (`enterpriseId`),
  KEY `fk_relationship_flags1_idx` (`flagsId`),
  CONSTRAINT `fk_enterprise_has_user_enterprise1` FOREIGN KEY (`enterpriseId`) REFERENCES `enterprise` (`id`),
  CONSTRAINT `fk_enterprise_has_user_user1` FOREIGN KEY (`userId`) REFERENCES `user` (`id`),
  CONSTRAINT `fk_relationship_flags1` FOREIGN KEY (`flagsId`) REFERENCES `flags` (`id`)
) ENGINE=InnoDB DEFAULT CHARSET=utf8mb3;
/*!40101 SET character_set_client = @saved_cs_client */;

--
-- Dumping data for table `relationship`
--

LOCK TABLES `relationship` WRITE;
/*!40000 ALTER TABLE `relationship` DISABLE KEYS */;
/*!40000 ALTER TABLE `relationship` ENABLE KEYS */;
UNLOCK TABLES;

--
-- Table structure for table `user`
--

DROP TABLE IF EXISTS `user`;
/*!40101 SET @saved_cs_client     = @@character_set_client */;
/*!50503 SET character_set_client = utf8mb4 */;
CREATE TABLE `user` (
  `id` int NOT NULL AUTO_INCREMENT,
  `nickname` varchar(45) NOT NULL,
  `public_key` text NOT NULL,
  `flagsId` int NOT NULL,
  `levelId` int NOT NULL,
  `is_active` tinyint NOT NULL DEFAULT '1',
  `email` text NOT NULL,
  PRIMARY KEY (`id`),
  UNIQUE KEY `id_UNIQUE` (`id`),
  KEY `fk_user_flags1_idx` (`flagsId`),
  KEY `fk_user_level1_idx` (`levelId`),
  CONSTRAINT `fk_user_flags1` FOREIGN KEY (`flagsId`) REFERENCES `flags` (`id`),
  CONSTRAINT `fk_user_level1` FOREIGN KEY (`levelId`) REFERENCES `level` (`id`)
) ENGINE=InnoDB AUTO_INCREMENT=81 DEFAULT CHARSET=utf8mb3;
/*!40101 SET character_set_client = @saved_cs_client */;

--
-- Dumping data for table `user`
--

LOCK TABLES `user` WRITE;
/*!40000 ALTER TABLE `user` DISABLE KEYS */;
INSERT INTO `user` VALUES (37,'DRKY','-----BEGIN PGP PUBLIC KEY BLOCK-----\n\nxjMEYU6FVxYJKwYBBAHaRw8BAQdAdhN+O8jaB1BQMPOSXm1ntUorHLNHl+uB\nvi/aNj3I1i/NGURSS1kgPGxhcmFwYTk5QGdtYWlsLmNvbT7CjAQQFgoAHQUC\nYU6FVwQLCQcIAxUICgQWAAIBAhkBAhsDAh4BACEJEHNrG9vgvppIFiEEVBjS\nwWFDiaRQv8EIc2sb2+C+mkgi/gEAqbUtQ4ohG7APqt721n0n0KYwkfm21j/I\ni45ag38Nw9gA/iE/xqedi6sI3gwpKZPAdfMbjp3GrCYjGdBpjv75bJMAzjgE\nYU6FVxIKKwYBBAGXVQEFAQEHQPONc3u2U1vsqXkFi6NhlUgRvjoGfZ1eW7OG\nCXU6srhmAwEIB8J4BBgWCAAJBQJhToVXAhsMACEJEHNrG9vgvppIFiEEVBjS\nwWFDiaRQv8EIc2sb2+C+mkhC/gEA9TLXWkqrBOR+aJF0fYmL7yT7oHEKBtGs\nJbQMkbEc5cIBAN4ai6DyS5UrINSwDbipvKQlu6JeaFgxsM8PFkilFVAG\n=Ruys\n-----END PGP PUBLIC KEY BLOCK-----\n',48,1,1,''),(38,'sad','-----BEGIN PGP PUBLIC KEY BLOCK-----\n\nxjMEYU6IghYJKwYBBAHaRw8BAQdAu0agy8to1YFWICgsl3fO+QOC6LRRYBk/\nqxYWqqgxPWjNGHNhZCA8bGFyYXBhOTlAZ21haWwuY29tPsKMBBAWCgAdBQJh\nToiCBAsJBwgDFQgKBBYAAgECGQECGwMCHgEAIQkQGcWhixUrovwWIQQOAxM5\nOFg7TBJbzw8ZxaGLFSui/Al6AP47VGNEE2qSWUehXaylXNUQWxQlp0+5hTBr\nSekVOI6q/wD+O26gn5aubfRG49rol8zAwj7v9BFRxGtqTuzM5c01aAHOOARh\nToiCEgorBgEEAZdVAQUBAQdAhvVxAGhbOpWdrCOv/JCAwaz0NmjLSYJoSfCz\n1dzlYFQDAQgHwngEGBYIAAkFAmFOiIICGwwAIQkQGcWhixUrovwWIQQOAxM5\nOFg7TBJbzw8ZxaGLFSui/P/1AP0fgL3CCOoTkt/0gEEj9QK4Mn6jTT3OcKAI\nvW/76oetHgEA+BVKpGtqR62ADCxRLxCyUyN9scT8Bl4CisxPnRL+sgo=\n=yP6C\n-----END PGP PUBLIC KEY BLOCK-----\n',49,1,1,'larapa99@gmail.com'),(39,'sada','-----BEGIN PGP PUBLIC KEY BLOCK-----\n\nxjMEYU6IvBYJKwYBBAHaRw8BAQdA+7B4eyuNXN6PD64hL0UHe5Y9L/TVf5PO\notfVx+1muI7NGXNhZGEgPGxhcmFwYTk5QGdtYWlsLmNvbT7CjAQQFgoAHQUC\nYU6IvAQLCQcIAxUICgQWAAIBAhkBAhsDAh4BACEJEIv0GMj5L0JYFiEEUh0S\nqd2lY1O6KiGMi/QYyPkvQlipSwD/asyfBF0Vijs7G+juJIuX0ixFrKSxXaM1\nnTzVa+lE8P8A/1FrSms4bS8EUa6aJsA9U21dkrM9rVcLMRhW+MaDVIMDzjgE\nYU6IvBIKKwYBBAGXVQEFAQEHQH+h1iAjcmIgIA0uc8Ax8P/sk1hsGF6a9wIe\nDpKsXVQ3AwEIB8J4BBgWCAAJBQJhToi8AhsMACEJEIv0GMj5L0JYFiEEUh0S\nqd2lY1O6KiGMi/QYyPkvQlilRAD/Vu+XPh8o1FAg9mGg8Tp7NdkdFweiX+vc\nvCkJM5utbKUBAMv2SVajJtBuVepvvwnga+fPtvzEo/zsQUZJnHTegaUE\n=hrUU\n-----END PGP PUBLIC KEY BLOCK-----\n',50,1,1,'larapa99@gmail.com'),(40,'dasda','-----BEGIN PGP PUBLIC KEY BLOCK-----\n\nxjMEYU6I4RYJKwYBBAHaRw8BAQdADc0IDYRh965jU4OtJWVP7E/cJyVviDr2\nLgW/2DK+l9DNGmRhc2RhIDxsYXJhcGE5OUBnbWFpbC5jb20+wowEEBYKAB0F\nAmFOiOEECwkHCAMVCAoEFgACAQIZAQIbAwIeAQAhCRCtN1VipVEcphYhBLG0\nbdv4YlQz0bcZd603VWKlURymEzkA/3nokwkcDwQjm+IGgAuCIxrjkZ8lLVO7\nW8hgD1gxGfSQAQDr8CekndJJzbR+QIQfkdY7kPnrJWnIWIErg2X+cM0BAs44\nBGFOiOESCisGAQQBl1UBBQEBB0DJ+y8bYjZKGYyLGBB0LbusnIYjpEpDvB73\nBCLFc50mfAMBCAfCeAQYFggACQUCYU6I4QIbDAAhCRCtN1VipVEcphYhBLG0\nbdv4YlQz0bcZd603VWKlURymvwkA/0z2GYLRijGvR0Yq1oYRqgQMDkNvSmNG\nLudtOifUwvezAP4u1bMJOBWqSWP8AVKjW/jR7HCiEmec+xIUNQFwaLBbBQ==\n=+z7L\n-----END PGP PUBLIC KEY BLOCK-----\n',51,1,1,'larapa99@gmail.com'),(41,'dsad','-----BEGIN PGP PUBLIC KEY BLOCK-----\n\nxjMEYU6JRhYJKwYBBAHaRw8BAQdAFy5P3aQzKyZrwRh0rsba247aCo7y5osz\nyzoFV0flYqDNE2RzYWQgPG5rQGdtYWlsLmNvbT7CjAQQFgoAHQUCYU6JRgQL\nCQcIAxUICgQWAAIBAhkBAhsDAh4BACEJEHJ0CzRl2KtXFiEEEnk2TWX6fiAe\nwXiacnQLNGXYq1dMCAD+N9LxM/LEvd7USpfADg+9YWHMnhIMg6EUzvheoUls\n6ZoBAIRdKsxDiZSDLI37iCBfifOso2Tq7pK1IqzhMswzCxEJzjgEYU6JRhIK\nKwYBBAGXVQEFAQEHQAuAmaS+3Jrz/w79mHGawk/WmuD1uwumhD37TmBCWMNT\nAwEIB8J4BBgWCAAJBQJhTolGAhsMACEJEHJ0CzRl2KtXFiEEEnk2TWX6fiAe\nwXiacnQLNGXYq1dxxgD/Xd7reB29/quNR3hib7CBeeEm7sXNab5FgTcRKnhz\nHiIBAM7upupgPt6iBAJoNtocbdNKgvLxAmKVvIKPGKqwaGkC\n=ZHLk\n-----END PGP PUBLIC KEY BLOCK-----\n',52,1,1,'nk@gmail.com'),(42,'sdasda','-----BEGIN PGP PUBLIC KEY BLOCK-----\n\nxjMEYU6JuhYJKwYBBAHaRw8BAQdAHUsxWjvLU+sABo5GxCxLmdhtZLg09rzB\nuu2BadoeVRfNG3NkYXNkYSA8bGFyYXBhOTlAZ21haWwuY29tPsKMBBAWCgAd\nBQJhTom6BAsJBwgDFQgKBBYAAgECGQECGwMCHgEAIQkQhHbVbuX2sYsWIQQ9\nH3CUd5HAxKjq8G6EdtVu5faxiyIUAQDde6n8Ul/Xikj3xn9Llge9gIz+Bl3E\npXGl4qA5WSWoyQEAk3MwhCNdFamtz4+zfg4lKsWcC7kQoE0fe9SQ9MGN4wjO\nOARhTom6EgorBgEEAZdVAQUBAQdAxJH7FOOxCWL8UoC0/bK6DejA49oEzVoQ\nXn3LPRNhhHADAQgHwngEGBYIAAkFAmFOiboCGwwAIQkQhHbVbuX2sYsWIQQ9\nH3CUd5HAxKjq8G6EdtVu5faxiyp+AQCnV9gv8h1F7+i5bogkqB7rqtUggQGR\ni+SY3PWLOrueNAEA3Fbz1CqkxuT46V2zZAIOkHOil8L5e2YNbliUKIpr8Qk=\n=oXpf\n-----END PGP PUBLIC KEY BLOCK-----\n',53,1,1,'larapa99@gmail.com'),(43,'ariel','-----BEGIN PGP PUBLIC KEY BLOCK-----\n\nxjMEYU6KAxYJKwYBBAHaRw8BAQdAmAwt6K2PYcwS2/nMlGmxvb0vmJ3c1qxz\nAhhIHX6KnbvNGmFyaWVsIDxsYXJhcGE5OUBnbWFpbC5jb20+wowEEBYKAB0F\nAmFOigMECwkHCAMVCAoEFgACAQIZAQIbAwIeAQAhCRCFp9yzDPWvIhYhBIqh\nnFXfDSBG4TJxPoWn3LMM9a8ijqUBAMqm77mKsFvkj6zoj3USqBPvq1smBeak\nPy+p804n2B6uAP40iuF/K0rghuHu7bjC8x4xm5yP/7fa9WUF/h6bjkT3Ac44\nBGFOigMSCisGAQQBl1UBBQEBB0BEjE1Of3HgAl92u9fMnidzm3j5ZlKnf5Gf\ndnxeXLCsFQMBCAfCeAQYFggACQUCYU6KAwIbDAAhCRCFp9yzDPWvIhYhBIqh\nnFXfDSBG4TJxPoWn3LMM9a8imXUA/RFHdJEoYrUVZeY1zVi1QBt+Y9qWGLLu\nfjNXQDvm8fo6AP9TW8lrHntFjvxe0cyY3+pA9EoMvSaY3uQVuLf0mAO1Ag==\n=3cKg\n-----END PGP PUBLIC KEY BLOCK-----\n',54,1,1,'larapa99@gmail.com'),(44,'dsad','-----BEGIN PGP PUBLIC KEY BLOCK-----\n\nxjMEYU6KMhYJKwYBBAHaRw8BAQdAOW9XtiwrkVDENvBaAYQRyz5UlSUhvDC+\n2jCkm0ZDMi/NHWRzYWQgPHBhdG9saW5fOTlAaG90bWFpbC5jb20+wowEEBYK\nAB0FAmFOijIECwkHCAMVCAoEFgACAQIZAQIbAwIeAQAhCRDdNW/9GukgLBYh\nBPmdrfwA2DyVEPYPOt01b/0a6SAsLEQBAPEpe8R16UfZ3z08p23TmUzHA+Zb\nuphSJTEYYFRXWFCoAP9I5c99PzHfzn1xAKpIqAgmlnHeTaUAwn4Rd1YIcd7j\nBM44BGFOijISCisGAQQBl1UBBQEBB0DTSkda/2uNmOBRsg26Zps3aXfK8jGp\nV0HVGwtex8N4QgMBCAfCeAQYFggACQUCYU6KMgIbDAAhCRDdNW/9GukgLBYh\nBPmdrfwA2DyVEPYPOt01b/0a6SAsnz8A/AyxyQIw+ME9sPGwxDgewydiJpK4\n1YlfvKnN/6PANHydAQCZNeeKbmbaT/ulvUFCKl+DeH8QyyvHawT5a78LBfcU\nBw==\n=ICEZ\n-----END PGP PUBLIC KEY BLOCK-----\n',55,1,1,'patolin_99@hotmail.com'),(45,'Ariel','-----BEGIN PGP PUBLIC KEY BLOCK-----\n\nxjMEYU6QwRYJKwYBBAHaRw8BAQdA+M9xaL5oKHPhK08aWc1SLsIO0awtXwEQ\n2uZwkozH33/NGkFyaWVsIDxsYXJhcGE5OUBnbWFpbC5jb20+wowEEBYKAB0F\nAmFOkMEECwkHCAMVCAoEFgACAQIZAQIbAwIeAQAhCRAmnSAonyyOkxYhBBVQ\nxI91JjWanoeJ+yadICifLI6TOGoA/RTRzAIAmlVQGSFwwrUvfzyMNd8BLPug\nmUpDDvKEK5WvAPoCCEq1jksaJ0FxVLqym/Y6LV0kFpuph2xmpK7lhmfKD844\nBGFOkMESCisGAQQBl1UBBQEBB0AbPE9+PeutID1GfeWX/e+l/5JcsoZjQvCG\n4S+ypi1qNQMBCAfCeAQYFggACQUCYU6QwQIbDAAhCRAmnSAonyyOkxYhBBVQ\nxI91JjWanoeJ+yadICifLI6TdPUBAPud4/vODCIjVN0zJvqeMTMoN0ULZkzI\nQfM7oitl6h0lAQDuZMfPLZiqt6VCAz8kVbB0eSNYPpq38Qqk/eU7Ya8ECg==\n=NRtv\n-----END PGP PUBLIC KEY BLOCK-----\n',56,1,1,'larapa99@gmail.com'),(46,'DRKY','-----BEGIN PGP PUBLIC KEY BLOCK-----\n\nxjMEYU6SMxYJKwYBBAHaRw8BAQdAFyQic/Rv/8YXJ2WqRed9RklcXl7JcvOP\n/AfQ1Id7TH7NGURSS1kgPGxhcmFwYTk5QGdtYWlsLmNvbT7CjAQQFgoAHQUC\nYU6SMwQLCQcIAxUICgQWAAIBAhkBAhsDAh4BACEJEC1cASL+BCQfFiEEAmMz\neI0tUlz7eq+rLVwBIv4EJB+cXQD/UvGadW9dx65ckho6izKOtw7EzjmJZAIZ\nE/LDkEyKxQABAKCnaAz2zooZ1A2O0BYGYimVv0Mw/iA6m5F8RkShdHsNzjgE\nYU6SMxIKKwYBBAGXVQEFAQEHQECsYxQ9eUSs2fslHHZZ+LnanLbhC4c+t6NO\nTweYVk8ZAwEIB8J4BBgWCAAJBQJhTpIzAhsMACEJEC1cASL+BCQfFiEEAmMz\neI0tUlz7eq+rLVwBIv4EJB/eqwEAkHGPk27oqaswG46jaZ8zngdyibw8iiIr\nlppG1l2hBs4BAKSB1c5SGpi71uqPOHSnzoaN+vDfe8xahJT+G1traM4F\n=8XgM\n-----END PGP PUBLIC KEY BLOCK-----\n',57,1,1,'larapa99@gmail.com'),(47,'hola','-----BEGIN PGP PUBLIC KEY BLOCK-----\n\nxjMEYU6VlBYJKwYBBAHaRw8BAQdAmVclAAE8QT/7VOp1Im1osv6RDyCPYsqH\ny16u34fLdKjNGWhvbGEgPGxhcmFwYTk5QGdtYWlsLmNvbT7CjAQQFgoAHQUC\nYU6VlAQLCQcIAxUICgQWAAIBAhkBAhsDAh4BACEJEJYPkx1WaJS5FiEEPNKL\nt5dJvsq3D/1clg+THVZolLn1qAD8ChDRtPduENteUoztjNWAS+dWvRhhRuGa\nzTCkGPPr2LkA/1yjx1aRKQCBSsbdelup5qK1+V51kaFk2SM3w9EwgJEEzjgE\nYU6VlBIKKwYBBAGXVQEFAQEHQENtd8kLC0RLTwJqqLMkNoUNAJ6HvFy8Fd6O\nAoqbdPEmAwEIB8J4BBgWCAAJBQJhTpWUAhsMACEJEJYPkx1WaJS5FiEEPNKL\nt5dJvsq3D/1clg+THVZolLlXqwEAt35iw8suqBBb1ezbC1ip4xKkfPICdZFv\nu6vQXWN39H8A/3EKanPcr6wKWlYEvGNME8Hir3IQgxFCfSJZyGuNL6IF\n=D4SE\n-----END PGP PUBLIC KEY BLOCK-----\n',58,1,1,'larapa99@gmail.com'),(48,'dsad','-----BEGIN PGP PUBLIC KEY BLOCK-----\n\nxjMEYU6V0RYJKwYBBAHaRw8BAQdAeXRGPm+TCeU9SU0eiaBj8ZGjzVBkhCFl\nMxDfaGCmPeHNEmRzYWQgPGRzYWRAc2RhLmNvPsKMBBAWCgAdBQJhTpXRBAsJ\nBwgDFQgKBBYAAgECGQECGwMCHgEAIQkQWTCnmMwr49MWIQRLRAVkU0nHu8rE\nxBVZMKeYzCvj07gtAQCQQetXZkOI3+YC15z6wTRQrXUAH0aF+32lftrgaTlM\nCAD/QbDhkkWVQ2UMjMXhczXe/2Xx/bEUZLheKk6nmGOWngjOOARhTpXREgor\nBgEEAZdVAQUBAQdARxJgpWJ4hHpiieHs9kNmFWs8qU8hiiOwvxgQFc7kHg8D\nAQgHwngEGBYIAAkFAmFOldECGwwAIQkQWTCnmMwr49MWIQRLRAVkU0nHu8rE\nxBVZMKeYzCvj06paAP9E5LwavYBX2e2sgOHrBW5cFzjIVW3H5QNlYuMC60+t\nHgEA5Aw0DjqvsWXFdvPNUyY2zqVuXrER9DdNxVmVbGzI2g8=\n=6cpt\n-----END PGP PUBLIC KEY BLOCK-----\n',59,1,1,'dsad@sda.co'),(49,'dsa','-----BEGIN PGP PUBLIC KEY BLOCK-----\n\nxjMEYU6V8BYJKwYBBAHaRw8BAQdAtTw3GtPaxBzeCrM/UR+n2n8Jou4BE5Wj\nfHS1HJqfNn/NGGRzYSA8bGFyYXBhOTlAZ21haWwuY29tPsKMBBAWCgAdBQJh\nTpXwBAsJBwgDFQgKBBYAAgECGQECGwMCHgEAIQkQPEKbJVzTVbQWIQRpUmL7\nnSh7+UwJ1zk8QpslXNNVtGoVAQCFx/bVsqVueUsH3s83lmQnpjAUEP/embae\n+a9tPihH1QEAmQY2P6QAX3e3tsUdBsRQM8ACrn8X0qBnln6Iy+g3VAzOOARh\nTpXwEgorBgEEAZdVAQUBAQdAWwCOutOcb+6IIW+k7FvQPLiiR4JZxJXp2KGA\nKBlJHHgDAQgHwngEGBYIAAkFAmFOlfACGwwAIQkQPEKbJVzTVbQWIQRpUmL7\nnSh7+UwJ1zk8QpslXNNVtK3sAP41c9dn6SP50Pp6hgahfbeV+6cHqFPF5npA\nl8pn6H5pIQEAmKzYW1YqdrN0cNM2EmxTtOEmUHB9ImR+6c7q0+U8dwY=\n=MAwP\n-----END PGP PUBLIC KEY BLOCK-----\n',60,1,1,'larapa99@gmail.com'),(50,'dasda','-----BEGIN PGP PUBLIC KEY BLOCK-----\n\nxjMEYU6WFBYJKwYBBAHaRw8BAQdA4/2xGbCDKjr1o9cSvdPevMY8QJfer8wG\nhoUEjD185BnNFWRhc2RhIDxkYXNkYUBhc2RhLmNvPsKMBBAWCgAdBQJhTpYU\nBAsJBwgDFQgKBBYAAgECGQECGwMCHgEAIQkQjZr2XbCq6ycWIQSC2mhv7TUD\n02SWyomNmvZdsKrrJxt2AQCG0S6LwNDvfZ0CUs7OJ3bDWWa1Ct1Nm2n/J2PH\nTlBEhAD+MWIDNRQvr91AgU0j/AYzuFwm318i5Smz4GHZTTCuQw7OOARhTpYU\nEgorBgEEAZdVAQUBAQdActEKvvBExeOWCnyGi9fk9YSTLo704NfXkepZ4b+O\naUYDAQgHwngEGBYIAAkFAmFOlhQCGwwAIQkQjZr2XbCq6ycWIQSC2mhv7TUD\n02SWyomNmvZdsKrrJ0STAP494HSR3OeGlNgM0wTxCuTuwIb7pTmJL0Ddgl97\nnW2WygD/V/8hyzqRaf0uIXm+N8B32cWWt8Fv4ezpLfosheK/aAg=\n=W1m4\n-----END PGP PUBLIC KEY BLOCK-----\n',61,1,1,'dasda@asda.co'),(51,'drky','-----BEGIN PGP PUBLIC KEY BLOCK-----\n\nxjMEYU6XyBYJKwYBBAHaRw8BAQdASwnMkamp8H/UJWZ5JlbYWeIfSOPoA67F\nbDgn9WjTK03NGWRya3kgPGxhcmFwYTk5QGdtYWlsLmNvbT7CjAQQFgoAHQUC\nYU6XyAQLCQcIAxUICgQWAAIBAhkBAhsDAh4BACEJEHY6hNd4A5meFiEEvJTr\nC5o9Mo00yn89djqE13gDmZ6HrgEA9DeWxOF3uAOeReve4sujV8rOdKI9H+Ch\npnQtcx8bXGkBALl/ZLPkf+2f30ASF/5VGj/SEEygTdqWc6CAFmiDaxwCzjgE\nYU6XyBIKKwYBBAGXVQEFAQEHQMzl2BnuGNt5o23Vy/6MZRJItbsgO2MOK+66\nd4GDRmNuAwEIB8J4BBgWCAAJBQJhTpfIAhsMACEJEHY6hNd4A5meFiEEvJTr\nC5o9Mo00yn89djqE13gDmZ4mYgD/c4uJ5xempKItI9wbCIL1NuN7D52qGSNj\nc1ko6UM5/9ABALutOdaNx2vfyFWdN3ttft4BxTVNeJ7qIPwHNM3SQ20C\n=KaTC\n-----END PGP PUBLIC KEY BLOCK-----\n',62,1,1,'larapa99@gmail.com'),(52,'dsad','-----BEGIN PGP PUBLIC KEY BLOCK-----\n\nxjMEYU6ZRxYJKwYBBAHaRw8BAQdAuEC9w6tGrOYXevfrlECnMTv+nTvsIuY7\nRo8mPY9md6fNFGRzYWQgPGRhc2RhQGFzZGEuY28+wowEEBYKAB0FAmFOmUcE\nCwkHCAMVCAoEFgACAQIZAQIbAwIeAQAhCRAyUm0C3D1+nhYhBBWTxdV14ufQ\nneCmVDJSbQLcPX6e0UgBAKJumUvM569lUrJoOJSmwAcq0Oveb8cZwVbXoCid\nVEIcAQDYyc0rzC0K96non8sMfKM6MKF9pd7L3VlehB40vJKYAs44BGFOmUcS\nCisGAQQBl1UBBQEBB0AlEsd+iPTAW2umvsQVH7eIKS0CZCQlX89/ky52+MoW\nWAMBCAfCeAQYFggACQUCYU6ZRwIbDAAhCRAyUm0C3D1+nhYhBBWTxdV14ufQ\nneCmVDJSbQLcPX6eL5gA/RcuqjVEFBihCPglSX7sZzLqd4NN4ooMuKKkSxIP\n5QpuAP9/MHpQaTg7gcsuAm6Cb9nE+U/PsrLlVFy3Wy7J/sfCCQ==\n=djh6\n-----END PGP PUBLIC KEY BLOCK-----\n',63,1,1,'dasda@asda.co'),(53,'dasda','-----BEGIN PGP PUBLIC KEY BLOCK-----\n\nxjMEYU6adRYJKwYBBAHaRw8BAQdAqJNj1lvCYZOHBvFCFVutDp16LMw9ZY2m\no+ehSXDRjo3NGmRhc2RhIDxsYXJhcGE5OUBnbWFpbC5jb20+wowEEBYKAB0F\nAmFOmnUECwkHCAMVCAoEFgACAQIZAQIbAwIeAQAhCRCEf8RPiVWQ+xYhBEhc\nfZ3Y90agqDKYv4R/xE+JVZD7oJcA/A+deACwX9dRBR2Q7CQXUFPSP91mkSV/\nX9nDV9C8Dv5fAPwMZMLlmssi1LfhoJGwQrDXrqDhBNSAz9p19hc/SW8oBM44\nBGFOmnUSCisGAQQBl1UBBQEBB0AwMqkEOFvO2Bg0AmrjInlbuW+4L8+6tXOl\nQJBlaNitWgMBCAfCeAQYFggACQUCYU6adQIbDAAhCRCEf8RPiVWQ+xYhBEhc\nfZ3Y90agqDKYv4R/xE+JVZD7lycBAJHqeKzMPbxlDaJlJflnUWjWvsVTccrE\njV36vlzgXZuCAQCOAb+gJsSW1JfdbL2KINAElkxKucB0QypifUFUDIFeDA==\n=Om8d\n-----END PGP PUBLIC KEY BLOCK-----\n',64,1,1,'larapa99@gmail.com'),(54,'eqwe','-----BEGIN PGP PUBLIC KEY BLOCK-----\n\nxjMEYU6a+xYJKwYBBAHaRw8BAQdAs0YSpkIPVcwyeu0keomPKr//TxrRdP9d\nHvhCSVQm6QrNGWVxd2UgPGxhcmFwYTk5QGdtYWlsLmNvbT7CjAQQFgoAHQUC\nYU6a+wQLCQcIAxUICgQWAAIBAhkBAhsDAh4BACEJEHSclatVu0CfFiEEF8ga\nWuplWHTifuImdJyVq1W7QJ/vPwD/bDjA/qmxECqc+1IfvRjzihSnIK9OYzvd\na99QGLE09JQBAMp/EwXlBfv2w/Q4uFSc3uVWIujVR8Iff72OsgAYPzwEzjgE\nYU6a+xIKKwYBBAGXVQEFAQEHQOXwEFES5hXtr1TwFeBknXfhEtjP4NlEfoWy\ne+ndWZdWAwEIB8J4BBgWCAAJBQJhTpr7AhsMACEJEHSclatVu0CfFiEEF8ga\nWuplWHTifuImdJyVq1W7QJ8VCwEA0DIIArNfMXM7XJ3lm3IljP8BtUrx4Cmh\nYYAmKPWyJMEA/3L7p+K2O8vl74usHWZs7WO6jXZ6L3ZAp6nlAhOkBNYJ\n=pSeg\n-----END PGP PUBLIC KEY BLOCK-----\n',65,1,1,'larapa99@gmail.com'),(55,'dsad','-----BEGIN PGP PUBLIC KEY BLOCK-----\n\nxjMEYU6bYhYJKwYBBAHaRw8BAQdAwltfTVGcs25wW64furttque9qJMOxB7v\nGa2otroW+njNGWRzYWQgPGxhcmFwYTk5QGdtYWlsLmNvbT7CjAQQFgoAHQUC\nYU6bYgQLCQcIAxUICgQWAAIBAhkBAhsDAh4BACEJEAXeQeW16QGqFiEEYhdB\nkrsiHOxJrnIVBd5B5bXpAapntgD9EDEuCKzTXUlib6ODq9BYZou13sVVKNl5\nkkT310sL8HIA/RJvUSpRgAsIT3Is60PyDnCQSU8VdOFWbc8vp/6/9iUGzjgE\nYU6bYhIKKwYBBAGXVQEFAQEHQFUYEqFI0JKKZ3tnehmZhoIRYJcNS7UNq3ME\nPOGFY3IwAwEIB8J4BBgWCAAJBQJhTptiAhsMACEJEAXeQeW16QGqFiEEYhdB\nkrsiHOxJrnIVBd5B5bXpAaotSAEAmYjiF/v4/EIeA52Tp0CFvB6XFK7eG1bo\njax7DW93liIBANTOx3ygsATKtJrFKLI7IDjiJjaS76WrDbFHmXsoH5AD\n=4ux8\n-----END PGP PUBLIC KEY BLOCK-----\n',66,1,1,'larapa99@gmail.com'),(56,'dsad','-----BEGIN PGP PUBLIC KEY BLOCK-----\n\nxjMEYU6bzBYJKwYBBAHaRw8BAQdAbYdPoduaGfJ1ZcybEW6HLFhZIH2eAvj7\npm1TzjqUOtXNGWRzYWQgPGxhcmFwYTk5QGdtYWlsLmNvbT7CjAQQFgoAHQUC\nYU6bzAQLCQcIAxUICgQWAAIBAhkBAhsDAh4BACEJEI59f3xhqpLBFiEEGOUt\nVKmELfdGbON6jn1/fGGqksEHmwD8ClLOkGjvqE96B7TLwM23+AwPGRmdJOOk\nEUP+wR4UyOkA/A8v/9ZrTSEk/9TxdWLg/4DoOHqC+bsCm7XeSnE3HrsCzjgE\nYU6bzBIKKwYBBAGXVQEFAQEHQOKX4detddiC2qKj5+yZGlRZT5yP/Iu3cb2w\ntHklVlRkAwEIB8J4BBgWCAAJBQJhTpvMAhsMACEJEI59f3xhqpLBFiEEGOUt\nVKmELfdGbON6jn1/fGGqksGKfQD+Jd+/JwOz2TqrmT/A4F+cKey8z0KW86r4\n69M31Mpkb5oA/0FTe8fZMfzehuyNveIoAwp4EiK8JoAj9RGb2aCDVjYF\n=WXvL\n-----END PGP PUBLIC KEY BLOCK-----\n',67,1,1,'larapa99@gmail.com'),(57,'dsa','-----BEGIN PGP PUBLIC KEY BLOCK-----\n\nxjMEYU6cEhYJKwYBBAHaRw8BAQdABNI5gfY+PXnWjYAfUgCFnVG06XRPEf/k\naKxKVQAUHJHNGGRzYSA8bGFyYXBhOTlAZ21haWwuY29tPsKMBBAWCgAdBQJh\nTpwSBAsJBwgDFQgKBBYAAgECGQECGwMCHgEAIQkQWP4QfMerXB4WIQTFrpd3\nXpNJUyyiV3NY/hB8x6tcHktsAP4ri06twWNDzc6aZ+m6WBDCNmfE+T9Ov50v\nCgtAvRwixAD+Ndihpszf00cLUqMd7tNFYY4pyyfBrzpBu0QgFdy8LQnOOARh\nTpwSEgorBgEEAZdVAQUBAQdAOp6nwcZ8Mz0QMeifaAqMXIR7F297JkLngsvs\nuy0G1nkDAQgHwngEGBYIAAkFAmFOnBICGwwAIQkQWP4QfMerXB4WIQTFrpd3\nXpNJUyyiV3NY/hB8x6tcHo/OAP9yBnkMypfWsqX2bbr3c8UvKJSgFuEviNv2\nQxd5+mHERQD9G20bfem1s+ZsyZTwfJnu7R4RzkjRX8RxmI0dJPuueAM=\n=mr1K\n-----END PGP PUBLIC KEY BLOCK-----\n',68,1,1,'larapa99@gmail.com'),(58,'fdsf','-----BEGIN PGP PUBLIC KEY BLOCK-----\n\nxjMEYU6cTRYJKwYBBAHaRw8BAQdA9ie8gc+Uqw9aNzDPWnoPplA5PJ4k/A9e\nsOSPz120c5/NGWZkc2YgPGxhcmFwYTk5QGdtYWlsLmNvbT7CjAQQFgoAHQUC\nYU6cTQQLCQcIAxUICgQWAAIBAhkBAhsDAh4BACEJECeS/NazwNJDFiEEtrvB\n9gNpItetOmwnJ5L81rPA0kM0AQEA8S9XYQlOuGECtmHH+JWnASX7/g/sXR2l\ndHy8vXjWb3gA/3t38R/9tyuCUbUp3ifYIHI5xlCO55bGbpqT9KrP0NMGzjgE\nYU6cTRIKKwYBBAGXVQEFAQEHQNMZzj0A5yEG7z9LZzzvHF9k7EX3c6lHsZZm\nXteNXKJeAwEIB8J4BBgWCAAJBQJhTpxNAhsMACEJECeS/NazwNJDFiEEtrvB\n9gNpItetOmwnJ5L81rPA0kPt+gD/dEaHF4ufv1Q2aOnAqEJGqWcuHN57BvkC\n18nIE9OCTtYBAMDylKtO1nEslxarBj18ctq0EjDkKjKKKm3bhs5rIQoB\n=0LH7\n-----END PGP PUBLIC KEY BLOCK-----\n',69,1,1,'larapa99@gmail.com'),(59,'dasda','-----BEGIN PGP PUBLIC KEY BLOCK-----\n\nxjMEYU6ckxYJKwYBBAHaRw8BAQdAMpbHWNSnG+VHjN7YAcyg7cnXosVc5rKD\nZGs8CEDoryLNGmRhc2RhIDxsYXJhcGE5OUBnbWFpbC5jb20+wowEEBYKAB0F\nAmFOnJMECwkHCAMVCAoEFgACAQIZAQIbAwIeAQAhCRDv2Nd6inUzNRYhBAEG\nrQ7wzbOTmm1T7e/Y13qKdTM18lMA/310kwam/rQM7vAweVT2MABH4r8uWDU0\nxps6veRGcE2XAP9DUzCRvy8RXStEYvQmx7m6c/kSMNti1bi7Kzbr8lrKCc44\nBGFOnJMSCisGAQQBl1UBBQEBB0C6WTR9PFhUKQSwAzX+y/j9Aj6B7eNRTKnV\nI6lHNL/cTQMBCAfCeAQYFggACQUCYU6ckwIbDAAhCRDv2Nd6inUzNRYhBAEG\nrQ7wzbOTmm1T7e/Y13qKdTM17dsA/jcLMuu7iOpnOJkS5fmv0RBXpTgImsUz\ntfdOFLuoMRGHAP9rYkwPTVVMoOMZ/WrqGE9oUBD8zLq+W7ysNQOVCOLjBw==\n=zGFx\n-----END PGP PUBLIC KEY BLOCK-----\n',70,1,1,'larapa99@gmail.com'),(60,'dasd ','-----BEGIN PGP PUBLIC KEY BLOCK-----\n\nxjMEYU6cpxYJKwYBBAHaRw8BAQdA9DyjvACDWHJRGOsTGPPjOj/Pxuh0E8VJ\nieJKOkSelGjNGmRhc2QgIDxsYXJhcGE5OUBnbWFpbC5jb20+wowEEBYKAB0F\nAmFOnKcECwkHCAMVCAoEFgACAQIZAQIbAwIeAQAhCRDgx2z5Q1ejnhYhBMft\ne19aAyOJZrmbnuDHbPlDV6OedpgA/00AFaV7WSJb1tXLwpIzUi5aA/R0HNj6\n+c9/te8krUppAP4jLAKmKJFwWk2AHHXDEq6Sus/C/42fH3og21l+8OgwBc44\nBGFOnKcSCisGAQQBl1UBBQEBB0BSe9h2aj/YE37yL/syk/qUA7U/xmXeoPY3\nKh8diXtEUgMBCAfCeAQYFggACQUCYU6cpwIbDAAhCRDgx2z5Q1ejnhYhBMft\ne19aAyOJZrmbnuDHbPlDV6OeJ+IA/1gvGBvpg2luBf6n2gXQLVHbdgquStZv\nvzo8LXfPt+j7AP4hDSLnfadGZbHsZ1EMrhDIwUDMInQ+pfVosA6W6x8tCg==\n=sup0\n-----END PGP PUBLIC KEY BLOCK-----\n',71,1,1,'larapa99@gmail.com'),(61,'dasd ad a','-----BEGIN PGP PUBLIC KEY BLOCK-----\n\nxjMEYU6cxBYJKwYBBAHaRw8BAQdAjBhDW/zXKKD/V5MuuoixoylEqNdbJ5xh\n9l55PKk9c2LNImRhc2QgYWQgYSA8ZHJreW9mZmljaWFsQGdtYWlsLmNvbT7C\njAQQFgoAHQUCYU6cxAQLCQcIAxUICgQWAAIBAhkBAhsDAh4BACEJEKzAAnq0\nbm3SFiEEaO168BpKmkJYKXMXrMACerRubdJgEwEA/GAi/rqfu9B03UfzWWJf\n3q59HQEhoaz85UaVnkC8hB0A/1tmDhacC5YLFxivnYZCreoINe1ZC4tX6AyF\nxl9IHGsKzjgEYU6cxBIKKwYBBAGXVQEFAQEHQAHsmxV74Hn5If+GmkaF1e+5\nRMD/L9ApxbUehWOGQvBOAwEIB8J4BBgWCAAJBQJhTpzEAhsMACEJEKzAAnq0\nbm3SFiEEaO168BpKmkJYKXMXrMACerRubdJSEAEA17P9prDSKl/RfDpzbEwL\nb5K1qw2lqO/aZ4iaPo78KdgBAIUWeHhuKPbbYY9nxiHExDZIqIYXW8wG+k60\n2Uc3qhwF\n=Actr\n-----END PGP PUBLIC KEY BLOCK-----\n',72,1,1,'drkyofficial@gmail.com'),(62,'sdad','-----BEGIN PGP PUBLIC KEY BLOCK-----\n\nxjMEYU6dkBYJKwYBBAHaRw8BAQdAdBnhrQeAWrFkbmByjxi0QtMjYvoF//RR\nx4TbCiKiBcTNGXNkYWQgPGxhcmFwYTk5QGdtYWlsLmNvbT7CjAQQFgoAHQUC\nYU6dkAQLCQcIAxUICgQWAAIBAhkBAhsDAh4BACEJEHJ4d9HNRkjwFiEE+Zxd\nXoDOfwfdGNaLcnh30c1GSPDnJwEAkxIzdNz8fYc0kx6NVj5jA/HdZfX+ocqv\n1BrBVGEWlJIBANRDbXVV6k1zX2qTHVEp1uMIlIcePY6us9q8DKPsX0EDzjgE\nYU6dkBIKKwYBBAGXVQEFAQEHQLPt9UHF4YgCNdijrfkQid5XDj9AkZpBlehm\n0+goFwwOAwEIB8J4BBgWCAAJBQJhTp2QAhsMACEJEHJ4d9HNRkjwFiEE+Zxd\nXoDOfwfdGNaLcnh30c1GSPDkeAD+PA0zb51BCs5D6S1srHJrVKF7Ss9YpvQu\ntXM/t9ApxOIBANmNNkMzTT/elJ6TGsdgB16/Yx91mbA3LEE/of+4VowP\n=3VXY\n-----END PGP PUBLIC KEY BLOCK-----\n',73,1,1,'larapa99@gmail.com'),(63,'dasd ','-----BEGIN PGP PUBLIC KEY BLOCK-----\n\nxjMEYU6fEBYJKwYBBAHaRw8BAQdA+bDc5E1prZv0xVMN2pw5sRKW7ACdRMyP\nchxMbpY0Xl3NGmRhc2QgIDxsYXJhcGE5OUBnbWFpbC5jb20+wowEEBYKAB0F\nAmFOnxAECwkHCAMVCAoEFgACAQIZAQIbAwIeAQAhCRAsOIO70pjTyBYhBMGL\np0ry9EEnjyQMPSw4g7vSmNPIjkgBAJjOw1B17h9jk6gMXMdzspaWaPn6t5Lh\ni2qZKFCDca+8AP4iotNemCjp6K71kWEZ7hx5k7gkMBcVN8N8N0h14GFJA844\nBGFOnxASCisGAQQBl1UBBQEBB0D5XGT70+dum2z6eCZjXA9XEXP2kMH+PT/G\nI+OwgbsKRQMBCAfCeAQYFggACQUCYU6fEAIbDAAhCRAsOIO70pjTyBYhBMGL\np0ry9EEnjyQMPSw4g7vSmNPIs8oA/29iVKfe5UwoaX0FqhkKOHSSWnhtI4t2\nmAaLaXxwAx1WAQDqYTOFsoFSR7bSwnxZL47LQCYdhfBxRxtlRb2eg/qsAA==\n=dRgS\n-----END PGP PUBLIC KEY BLOCK-----\n',74,1,1,'larapa99@gmail.com'),(64,'dsad','-----BEGIN PGP PUBLIC KEY BLOCK-----\n\nxjMEYU6rwxYJKwYBBAHaRw8BAQdAG92yh2JVbqUOK86cMhaTe7swN1QJfKIs\nGHuVFd1YaIbNGWRzYWQgPGxhcmFwYTk5QGdtYWlsLmNvbT7CjAQQFgoAHQUC\nYU6rwwQLCQcIAxUICgQWAAIBAhkBAhsDAh4BACEJEEHrkyDxEEh4FiEEjR8j\nb51Cytqms/BMQeuTIPEQSHh7HAEAjTSnhv6ClbVeXTsjRsjnR37TbLU8W7Lr\nceduLs45zCYA/07ebDiHStx6fNL+ARjjnzaNsN9txkz7AKQudMDfwQIIzjgE\nYU6rwxIKKwYBBAGXVQEFAQEHQA+s5/nsSZgQqeFLi55ZMl7oDkgHBD3RyTfA\nfLKfgxUfAwEIB8J4BBgWCAAJBQJhTqvDAhsMACEJEEHrkyDxEEh4FiEEjR8j\nb51Cytqms/BMQeuTIPEQSHhbpAEA27hTZFgXzPyMkgMNqSiu9Z7NVBYEdsi/\nBZXihpH9gXYA/RnqqgZyPWNcnytAwUCnaOvt1v3ZcZmTzC0RhDFW99wG\n=Bl5X\n-----END PGP PUBLIC KEY BLOCK-----\n',75,1,1,'larapa99@gmail.com'),(65,'dasda','-----BEGIN PGP PUBLIC KEY BLOCK-----\n\nxjMEYU6r7xYJKwYBBAHaRw8BAQdAG0gRdRZrBfyI5DdTnHam6tlXJ3Airssj\nd/DvmczYcXnNGmRhc2RhIDxsYXJhcGE5OUBnbWFpbC5jb20+wowEEBYKAB0F\nAmFOq+8ECwkHCAMVCAoEFgACAQIZAQIbAwIeAQAhCRCvyTodTk5iChYhBDvG\npjHHHIQisOtW/a/JOh1OTmIKI4gBAI8CY22CmYW4MJ4uk6AhLq8U9h5OQOZy\nKE6ZJgwNsTHGAP0Vj0wj8O6CQwIFxCoS2FV7+f0ycmDY2pohlIZLHoieC844\nBGFOq+8SCisGAQQBl1UBBQEBB0CvIzYAaRLR+q8QNLk0Q6AmzYSZdwhgbEzW\nQDR1UyluLwMBCAfCeAQYFggACQUCYU6r7wIbDAAhCRCvyTodTk5iChYhBDvG\npjHHHIQisOtW/a/JOh1OTmIKiLkBAPuSGCrI2miEqPcZzL7peshTVKl/zNh9\nrb1ZGuKtAkDdAPoDQt4TvEQBhoOtUu+/wzFA/4bEApqChISmlxchWy0LBg==\n=41WM\n-----END PGP PUBLIC KEY BLOCK-----\n',76,1,1,'larapa99@gmail.com'),(66,'dsad ad','-----BEGIN PGP PUBLIC KEY BLOCK-----\n\nxjMEYU6sCRYJKwYBBAHaRw8BAQdAMOHpcNgaGwZz/SNMOBxlXWnFqEAYPJgz\nRSdUjsw6zIfNHWRzYWQgYWQgPGxhcmFwYTk5QGdtYWlsLmNvbWQ+wowEEBYK\nAB0FAmFOrAkECwkHCAMVCAoEFgACAQIZAQIbAwIeAQAhCRAlP6rB0v5BURYh\nBKVJtqcquoO1PrLf2iU/qsHS/kFRArYBAMU11V4d07jroB3rYk0xIvXEgSYh\n+OZrYszcRjPoiuYZAQDy5k7S1qxiHmplILoNdfMRzNQkBLYnbN6i+1Gnu95r\nBM44BGFOrAkSCisGAQQBl1UBBQEBB0DGcVNE2VcnXgVm7lXAMd4yAJLvYjoS\nc0iXIG1Rsbf0cQMBCAfCeAQYFggACQUCYU6sCQIbDAAhCRAlP6rB0v5BURYh\nBKVJtqcquoO1PrLf2iU/qsHS/kFRWdUA/1lQy7aj/XJO9Ceds57oQswGaydE\n74/AuOYV4UuGjAe4AQCNWoqegTosGH5wcwgdWlOjG98iJF8ue5vSFqtThEOP\nCQ==\n=GiDl\n-----END PGP PUBLIC KEY BLOCK-----\n',77,1,1,'larapa99@gmail.comd'),(67,'dasd a','-----BEGIN PGP PUBLIC KEY BLOCK-----\n\nxjMEYU6sKRYJKwYBBAHaRw8BAQdAVRnL8VSN0hPFOP4iKerq9jWAsGmW7jjS\nkrP84hKqqsDNG2Rhc2QgYSA8bGFyYXBhOTlAZ21haWwuY29tPsKMBBAWCgAd\nBQJhTqwpBAsJBwgDFQgKBBYAAgECGQECGwMCHgEAIQkQfqKF4bD9CIMWIQQU\nBtEqKYpZjbeRIjB+ooXhsP0Ig+fcAQCoa5SFFUHzPti/+jFygVkqKPq6srwr\nA5Rfmwg+llTNUgEA+I0Yu3izI7xUtbPtUiqoZGadroAfQ5OFmG+IbS5VRgbO\nOARhTqwpEgorBgEEAZdVAQUBAQdAeAAe+kwE+UJGt5P/i8lXmWU3vcbpWxDP\n6OhqWW+ZJmADAQgHwngEGBYIAAkFAmFOrCkCGwwAIQkQfqKF4bD9CIMWIQQU\nBtEqKYpZjbeRIjB+ooXhsP0Ig7hCAQCWtpLgqBQ2SMIP5yWqJWewbwHfM+tG\nUNPsJaoRp+QVugEA5wawW/w6PZNYlGT3q6KAX49UEh6GbryZpJO9FN/Z3Ao=\n=I5zG\n-----END PGP PUBLIC KEY BLOCK-----\n',78,1,1,'larapa99@gmail.com'),(68,'asdas','-----BEGIN PGP PUBLIC KEY BLOCK-----\n\nxjMEYU6sdRYJKwYBBAHaRw8BAQdAr4C/sdmVQIbPRf1PVCY/JvL7s5S3nNB+\ne8rpAwfUVm3NGmFzZGFzIDxsYXJhcGE5OUBnbWFpbC5jb20+wowEEBYKAB0F\nAmFOrHUECwkHCAMVCAoEFgACAQIZAQIbAwIeAQAhCRDd4Ie/D8DAshYhBJlh\nZBvpXFHUDNavPN3gh78PwMCys/EBAPWRDux9TyUH1TNuZbZFU7ye6kDn28/+\n0LEQgbj0AMnOAP9tuL774ipBCXZlwK/qiZwTY8VvkOPeHJ0qe+wt1QA/B844\nBGFOrHUSCisGAQQBl1UBBQEBB0AC85t2Izz5wwY0ZTUVTNgjXIyMDfqehDeP\n4FKUyIhLMAMBCAfCeAQYFggACQUCYU6sdQIbDAAhCRDd4Ie/D8DAshYhBJlh\nZBvpXFHUDNavPN3gh78PwMCyBJ4A/jYnky/o9i02kQAWOfCujQz2NP6tXWMn\ngJFkMu/pNFroAP4lTsU30R0QykJ6DmKSalO1uMPhKi47aMvnByNg13PKBg==\n=m4d5\n-----END PGP PUBLIC KEY BLOCK-----\n',79,1,1,'larapa99@gmail.com'),(69,'sadasd','-----BEGIN PGP PUBLIC KEY BLOCK-----\n\nxjMEYU6shRYJKwYBBAHaRw8BAQdAfvwypQ6bdWpUYVVdMhVpW657i2RBZebN\n4+Q3kTt8x6HNG3NhZGFzZCA8bGFyYXBhOTlAZ21haWwuY29tPsKMBBAWCgAd\nBQJhTqyFBAsJBwgDFQgKBBYAAgECGQECGwMCHgEAIQkQsqDNiNZCoAYWIQR5\noeIeTpYGg4WxAwKyoM2I1kKgBtv7AQCXNLU7K3EK5ORycfa47Nf/Kfp6G/OI\nQ66eidYZ5sdKvQD7BGCeoqeAhn8G/Ru1NUMcS6JjC16uEMCd26HOKCULaAnO\nOARhTqyFEgorBgEEAZdVAQUBAQdAVTT79BBm3xKkHAtfjsXPfHK4ykgGDg/B\nq+6tRMB1VHQDAQgHwngEGBYIAAkFAmFOrIUCGwwAIQkQsqDNiNZCoAYWIQR5\noeIeTpYGg4WxAwKyoM2I1kKgBh1HAPwKusIJowtbW9JSMk0pt2oYHqXZRzK5\nxydqQ71YeD0K7QD/XzmQj13hjcXMKHoGXW4oGvwvoTDyd3KoC2g75bzOeQ0=\n=ng25\n-----END PGP PUBLIC KEY BLOCK-----\n',80,1,1,'larapa99@gmail.com'),(70,'dsada','-----BEGIN PGP PUBLIC KEY BLOCK-----\n\nxjMEYU6suhYJKwYBBAHaRw8BAQdA2WJtkwfX7P9LK7s94NuNcjvrJM6xgvwK\nA/Y4WOE2XwjNGmRzYWRhIDxsYXJhcGE5OUBnbWFpbC5jb20+wowEEBYKAB0F\nAmFOrLoECwkHCAMVCAoEFgACAQIZAQIbAwIeAQAhCRBh1nybI5qolBYhBO+N\n9bH1JLdjrdXMiGHWfJsjmqiUjPEA/iYx4TFXnkGuOZc31qZf5kTxtlwhoKU/\n9+YFIevoLAFCAQC73N7Uq+mqmOY2PFuQtt/hFn+W4ILVDHS7bgWbwAa6BM44\nBGFOrLoSCisGAQQBl1UBBQEBB0C9f8mkjABU4BjZgvMJbsVRs8pBmwfBUl3T\nc0Cfmb8cMAMBCAfCeAQYFggACQUCYU6sugIbDAAhCRBh1nybI5qolBYhBO+N\n9bH1JLdjrdXMiGHWfJsjmqiUhZEBAKEwxzJHH4B7OeLvZiUwzescjODsvxYh\nRaWaHkerqNIlAP4+ulnij5X6dcsvjbKPB++bX704J1YPaFvjVMmdGWL5DA==\n=/t9O\n-----END PGP PUBLIC KEY BLOCK-----\n',81,1,1,'larapa99@gmail.com'),(71,'dsad','-----BEGIN PGP PUBLIC KEY BLOCK-----\n\nxjMEYU6tExYJKwYBBAHaRw8BAQdAfebCc5nKLpyqTfmqH5HMbukSlN7wvXdd\nsl4Q+9iXzhXNHmRzYWQgPGRya3lvZmZpY2lhbEBnbWFpbC5jb21kPsKMBBAW\nCgAdBQJhTq0TBAsJBwgDFQgKBBYAAgECGQECGwMCHgEAIQkQo+WEhlvr/9gW\nIQRL0IECGie5dhsIGICj5YSGW+v/2KE8AP90wuAMp23c8+m3gMz6KeINcJUa\nHflhd/4tw9P9ixboIwD/elRMKzYiZo/v6vf+w1vF4BbyWR2DISyE/pwlXBSz\nNwXOOARhTq0TEgorBgEEAZdVAQUBAQdAbaMEytma+smoMJmk7UAR2kf2FCYL\nKMrRsj5LKnYWR10DAQgHwngEGBYIAAkFAmFOrRMCGwwAIQkQo+WEhlvr/9gW\nIQRL0IECGie5dhsIGICj5YSGW+v/2BimAP9fHd1Qp5LElRtgF8TYvoaPFmaS\n14/OgJLwNQq+pBiipAD+Oiun9xN6QreayjxyMrXCt2PGvrLep0ZS9eQamiMP\nsgg=\n=AMWI\n-----END PGP PUBLIC KEY BLOCK-----\n',82,1,1,'drkyofficial@gmail.comd'),(72,'dsad','-----BEGIN PGP PUBLIC KEY BLOCK-----\n\nxjMEYU6tJhYJKwYBBAHaRw8BAQdA0b3ZQV6xKmFM7aOu29ytZuTMbhT8JRGf\nDwTfDPsUXLDNFGRzYWQgPGRhc2RhQGFzZGEuY28+wowEEBYKAB0FAmFOrSYE\nCwkHCAMVCAoEFgACAQIZAQIbAwIeAQAhCRCBOLp4tqIxsRYhBDCJjd0i5dl1\nrHs4uIE4uni2ojGxTW0A/2gIjRS8+GujRo/uQ1Tjgpwe1GmmsY+v5dbrx6E5\npGOLAQCh/td2eTWSVg/dLmlliDJjy1li8GlSZlhOXEx9FM4hAM44BGFOrSYS\nCisGAQQBl1UBBQEBB0ChWTiaByhZ6J9Ltfig/DIObX+MkSn4KjSCjEHx4eOk\nBQMBCAfCeAQYFggACQUCYU6tJgIbDAAhCRCBOLp4tqIxsRYhBDCJjd0i5dl1\nrHs4uIE4uni2ojGxE9oA/iOx+9LiEw8To71dhsRsbM+a6FAd11UfHpXWIDj/\nkyMUAQD9YD2Up/vJ6XkzfX2q2IE2pLq3BUw9TDFbv2eD2VltBw==\n=SyNV\n-----END PGP PUBLIC KEY BLOCK-----\n',83,1,1,'dasda@asda.co'),(73,'dsadd','-----BEGIN PGP PUBLIC KEY BLOCK-----\n\nxjMEYU6tRRYJKwYBBAHaRw8BAQdAxthIbdjUvaBvRIjjkiSfLuAcITOP9DoC\nZVbuhBDqlQbNFWRzYWRkIDxkYXNkYUBhc2RhLmNvPsKMBBAWCgAdBQJhTq1F\nBAsJBwgDFQgKBBYAAgECGQECGwMCHgEAIQkQHH4X7PBfxC8WIQRfVZ74JOsD\nWs002Accfhfs8F/ELwGdAP9jNZJk1G+oulYbq9NSf/5JCKhHb8EZtMSNDwn6\n1JzZwwEA5LknSD/aIlpomFs9e7FvMkjApdVSJK+rwo4xVeYEXgXOOARhTq1F\nEgorBgEEAZdVAQUBAQdAbaIjER2ebW6tQawVZRmPEVh+PzWDds9qxCZAd+Tu\n9HgDAQgHwngEGBYIAAkFAmFOrUUCGwwAIQkQHH4X7PBfxC8WIQRfVZ74JOsD\nWs002Accfhfs8F/EL68lAP0Z1tPtF9jBt919iCxRVJzkhQPJ1j0g3HMMdgzW\nQWmwpQEAhuomq7Z1bUK98T/z9K051wUEtLJJNezktqT6HAneggY=\n=azh+\n-----END PGP PUBLIC KEY BLOCK-----\n',84,1,1,'dasda@asda.co'),(74,'sadasd','-----BEGIN PGP PUBLIC KEY BLOCK-----\n\nxjMEYU6trBYJKwYBBAHaRw8BAQdAnPyuOgYiu6mIZTtbN3QmpZrrCb9EiF22\nTAtjKUTvjHTNG3NhZGFzZCA8bGFyYXBhOTlAZ21haWwuY29tPsKMBBAWCgAd\nBQJhTq2sBAsJBwgDFQgKBBYAAgECGQECGwMCHgEAIQkQJXoQQEqnsMcWIQTO\nsIG/YnpHbNTaJfElehBASqewx1D5AP90NqQOf7WNe7ytrcvoKAW+EtFfVZhg\nq/ieKHHTPKwxMgD+L9YKckve/8S+3kg+Kg1zb27T0svgyBk49dR/ludA2QHO\nOARhTq2sEgorBgEEAZdVAQUBAQdAGWYn1WGo6lPSEXyW5peh0/PBVIMbwUY0\nebXBfKL4FHkDAQgHwngEGBYIAAkFAmFOrawCGwwAIQkQJXoQQEqnsMcWIQTO\nsIG/YnpHbNTaJfElehBASqewxzYSAQDDbMJeSyp50ccrv24K4j8iqGOBCzNp\n5iXgPASEkG3r3gEAnwrRmCKA1ZDlxI8Wgu8tfFXP/W4BGOFf1UIHBdipZAk=\n=Djwv\n-----END PGP PUBLIC KEY BLOCK-----\n',85,1,1,'larapa99@gmail.com'),(75,'dasd','-----BEGIN PGP PUBLIC KEY BLOCK-----\n\nxjMEYU6vfhYJKwYBBAHaRw8BAQdAoyG/uDWKPhbnHQv0/1VNSRFTflXkyL/W\nvlQSGW4EGPnNGWRhc2QgPGxhcmFwYTk5QGdtYWlsLmNvbT7CjAQQFgoAHQUC\nYU6vfgQLCQcIAxUICgQWAAIBAhkBAhsDAh4BACEJECNwOJzS6bpNFiEEwdQX\nPydJqPhHFs5iI3A4nNLpuk1QQwEApb6SuYcJzmZhZcEuVGCbygidxzQqC5HH\n0JVqYcfQlY4BAO0iRE3MosY4bl5Hz9XQZPv09rZFIOLfCBA3JdLzBCUNzjgE\nYU6vfhIKKwYBBAGXVQEFAQEHQM+9Jvh7LeCWqq6yuK8oDzJ/FIOMW5/EoCTM\nWPfpqYd6AwEIB8J4BBgWCAAJBQJhTq9+AhsMACEJECNwOJzS6bpNFiEEwdQX\nPydJqPhHFs5iI3A4nNLpuk3gbwEAvarg6INlbdcCdlPKFcCLHt5nkEr/sk1Y\ncZb05Xj/zmQA/0ls3Em9FI9Fh7nOkjhgBe9z3NEmaXf7OmO+OQip7J0O\n=xQyS\n-----END PGP PUBLIC KEY BLOCK-----\n',86,1,1,'larapa99@gmail.com'),(76,'dasda','-----BEGIN PGP PUBLIC KEY BLOCK-----\n\nxjMEYU6v+BYJKwYBBAHaRw8BAQdAnwE+kIcyq3yz0yqGIxNoWe7Lrr6ZMZOD\nP5ch9kQTLOXNGmRhc2RhIDxsYXJhcGE5OUBnbWFpbC5jb20+wowEEBYKAB0F\nAmFOr/gECwkHCAMVCAoEFgACAQIZAQIbAwIeAQAhCRBva79t/iQz2xYhBF6h\nxAtUX8+HAcwMBG9rv23+JDPb/CoBAKkVo6Km/wWJhCpoI7nfqe2PYb9E9f/r\n/xgcpi5+7pAjAQClC5Azr5kLQVfgCUqHmee3ONS0+MbJ9+W0cMKlhGJNB844\nBGFOr/gSCisGAQQBl1UBBQEBB0Cg2dkIoAcTtixMpJXvi2E0cXHsEQw6jRDH\ng3qRS01TFQMBCAfCeAQYFggACQUCYU6v+AIbDAAhCRBva79t/iQz2xYhBF6h\nxAtUX8+HAcwMBG9rv23+JDPbxg4BAKUjzz521Vlyh6ziuMj6gj/kNJ0V6gCY\nHw2fJkm1NXLsAQCfHg6yvZQLDmcLUtrFEjH8AwWWsi87axAbX+LxOebDCA==\n=O/k+\n-----END PGP PUBLIC KEY BLOCK-----\n',87,1,1,'larapa99@gmail.com'),(77,'dsada','-----BEGIN PGP PUBLIC KEY BLOCK-----\n\nxjMEYU6wRxYJKwYBBAHaRw8BAQdAqWV4zFXeRfdB9fVvhWPBtV/MEyViPUk3\nP7wg0gCt5xjNGmRzYWRhIDxsYXJhcGE5OUBnbWFpbC5jb20+wowEEBYKAB0F\nAmFOsEcECwkHCAMVCAoEFgACAQIZAQIbAwIeAQAhCRCSRb5SYfWQPhYhBH3g\nHgLag3CcKbbDnZJFvlJh9ZA+HGQBAPUCfjA7BxFx2aNsbLx8qHGh+ud1gLkB\n2KufBm/C116hAQD4MArJ9e1tQ/d2d7kqBu2v5mYskGmtjV18LPWSPznWCc44\nBGFOsEcSCisGAQQBl1UBBQEBB0DsAWZZfKXIYNbhwoPXLR8pPPWfRSum0Z1b\njqTliWgTCAMBCAfCeAQYFggACQUCYU6wRwIbDAAhCRCSRb5SYfWQPhYhBH3g\nHgLag3CcKbbDnZJFvlJh9ZA+psYBAJKy9A6ChCpyUcNRthq3nkuV7xl1jlsj\n5I7y/dg0Py8NAP9E1CrcDe92BHTNElJeTrB/k0nTYvMTG7aB8FGMWIiNAA==\n=EYiU\n-----END PGP PUBLIC KEY BLOCK-----\n',88,1,1,'larapa99@gmail.com'),(78,'aer','-----BEGIN PGP PUBLIC KEY BLOCK-----\n\nxjMEYU6wqBYJKwYBBAHaRw8BAQdAoP7bDMSLsqiOjMfS97PNrYhi7zoRI7p6\nYNqkFS7D07HNGGFlciA8bGFyYXBhOTlAZ21haWwuY29tPsKMBBAWCgAdBQJh\nTrCoBAsJBwgDFQgKBBYAAgECGQECGwMCHgEAIQkQRY3LFfCe1esWIQRdFAmo\nTECnsb3100BFjcsV8J7V60PcAP97lWrkyV0gwu3sIpFMX/DkIZ8QMA1NB8in\nFFM9LK6ztQEAwJEqkgHV3s1MnoW9rtwkdAo2IPVzbEOrnJpGJU7e2QrOOARh\nTrCoEgorBgEEAZdVAQUBAQdADOHtZMVcAR+j/D6bYYsVGUBBFygqc79UiJnu\n6/BzBW8DAQgHwngEGBYIAAkFAmFOsKgCGwwAIQkQRY3LFfCe1esWIQRdFAmo\nTECnsb3100BFjcsV8J7V61qUAP95H6ZfUBFHWowfY7OPNbt6hgJBZTpsZ14T\n0CLJ58AS5wD+L1Cw8Hkp7t//AtmdROo2zaTikmjRkLYTAG5JEldu5wo=\n=Cz9l\n-----END PGP PUBLIC KEY BLOCK-----\n',89,1,1,'larapa99@gmail.com'),(79,'da','-----BEGIN PGP PUBLIC KEY BLOCK-----\n\nxjMEYU6xCBYJKwYBBAHaRw8BAQdAE+loV2F6UqxQ6iHQJogPkP+OSaaCThf0\nmdkBGaAitX7NF2RhIDxsYXJhcGE5OUBnbWFpbC5jb20+wowEEBYKAB0FAmFO\nsQgECwkHCAMVCAoEFgACAQIZAQIbAwIeAQAhCRD7/EGFsQQ7oxYhBAMbUV+F\nvd3TSL7KxPv8QYWxBDuj5PwBAOrsp71sEUV//w1b4Ash/eyH4NYZdNL/fJzx\nF/asG6ivAQC+1ag2jeanDiNjV2mHsSYxkw+Ma0kDPIyDB5TaOXK3As44BGFO\nsQgSCisGAQQBl1UBBQEBB0BCQdHxwJa9XcmmnK9suDrWQ2GArsluNoNydVDq\n/8TFewMBCAfCeAQYFggACQUCYU6xCAIbDAAhCRD7/EGFsQQ7oxYhBAMbUV+F\nvd3TSL7KxPv8QYWxBDujc24A/2Dn6l8S109tT85P4xOcEa8JjzNm1H3iS7DV\nP+zTf/7CAP9PzoG8R03xL/84CEz0wp4zmJiPJB02A2qsc5wDDAxhAg==\n=q66S\n-----END PGP PUBLIC KEY BLOCK-----\n',90,1,1,'larapa99@gmail.com'),(80,'dsada','-----BEGIN PGP PUBLIC KEY BLOCK-----\n\nxjMEYU6xoBYJKwYBBAHaRw8BAQdAzgGaIbqUFSveqzyFJLMwt2XbJJccaPM2\n7+8hyqYDQgvNGmRzYWRhIDxsYXJhcGE5OUBnbWFpbC5jb20+wowEEBYKAB0F\nAmFOsaAECwkHCAMVCAoEFgACAQIZAQIbAwIeAQAhCRB8VF5fw3r+HRYhBJHK\nKprz0IkudsvNgHxUXl/Dev4dIukBAMXPs6NRVLspxFdB5TvRvBKnkM/vyJk9\nPrnEEHvEF3I+AP4qk8ljnI89Z4yh9qR1XhqfvRgXGKG2TCNF15wT7aZdB844\nBGFOsaASCisGAQQBl1UBBQEBB0Cz3bgoSR3Pw84Uvw7Vlsn1WMnTGaTjNfSS\nFo5iK5CWFwMBCAfCeAQYFggACQUCYU6xoAIbDAAhCRB8VF5fw3r+HRYhBJHK\nKprz0IkudsvNgHxUXl/Dev4dm4EBAJxwmOPTjfuXj8MpM874KHBgvSZJeuBH\nVWDFLAOvvg+aAQDDcwCRKqo96lrhnCMuL2MPme0ajZWde2kQrTMgtrq8DQ==\n=zlVI\n-----END PGP PUBLIC KEY BLOCK-----\n',91,1,1,'larapa99@gmail.com');
/*!40000 ALTER TABLE `user` ENABLE KEYS */;
UNLOCK TABLES;
/*!40103 SET TIME_ZONE=@OLD_TIME_ZONE */;

/*!40101 SET SQL_MODE=@OLD_SQL_MODE */;
/*!40014 SET FOREIGN_KEY_CHECKS=@OLD_FOREIGN_KEY_CHECKS */;
/*!40014 SET UNIQUE_CHECKS=@OLD_UNIQUE_CHECKS */;
/*!40101 SET CHARACTER_SET_CLIENT=@OLD_CHARACTER_SET_CLIENT */;
/*!40101 SET CHARACTER_SET_RESULTS=@OLD_CHARACTER_SET_RESULTS */;
/*!40101 SET COLLATION_CONNECTION=@OLD_COLLATION_CONNECTION */;
/*!40111 SET SQL_NOTES=@OLD_SQL_NOTES */;

-- Dump completed on 2021-09-25  0:37:45
